1,2,3,4,5,6,7,8,9,10
fa fa-user beige-text-blue,fa fa-user beige-text-blue,fa fa-user beige-text-blue,fa fa-user beige-text-blue,fa fa-user beige-text-blue,fa fa-user beige-text-blue,fa fa-user beige-text-blue,fa fa-user beige-text-blue,fa fa-user beige-text-blue,fa fa-user beige-text-blue
fa fa-user beige-text-blue,fa fa-user beige-text-blue,fa fa-user beige-text-blue,fa fa-user beige-text-blue,fa fa-user beige-text-blue,fa fa-user beige-text-blue,fa fa-user beige-text-blue,fa fa-user beige-text-blue,fa fa-user beige-text-blue,fa fa-user beige-text-blue
fa fa-user beige-text-blue,fa fa-user beige-text-blue,fa fa-user beige-text-blue,fa fa-user beige-text-blue,fa fa-user beige-text-blue,fa fa-user beige-text-blue,fa fa-user beige-text-blue,fa fa-user beige-text-blue,fa fa-user beige-text-blue,fa fa-user beige-text-blue
fa fa-user beige-text-blue,fa fa-user beige-text-blue,fa fa-user beige-text-blue,fa fa-user beige-text-blue,fa fa-user beige-text-blue,fa fa-user beige-text-blue,fa fa-user beige-text-blue,fa fa-user beige-text-blue,fa fa-user beige-text-blue,fa fa-user beige-text-blue
fa fa-user beige-text-blue,fa fa-user beige-text-blue,fa fa-user beige-text-blue,fa fa-user beige-text-blue,fa fa-user beige-text-blue,fa fa-user beige-text-blue,fa fa-user beige-text-blue,fa fa-user beige-text-blue,fa fa-user beige-text-blue,fa fa-user beige-text-blue
fa fa-user beige-text-blue,fa fa-user beige-text-blue,fa fa-user beige-text-blue,fa fa-user beige-text-blue,fa fa-user beige-text-blue,fa fa-user beige-text-blue,fa fa-user beige-text-blue,fa fa-user beige-text-blue,fa fa-user beige-text-blue,fa fa-user beige-text-blue
fa fa-user beige-text-blue,fa fa-user beige-text-blue,fa fa-user beige-text-blue,fa fa-user beige-text-blue,fa fa-user beige-text-blue,fa fa-user beige-text-blue,fa fa-user beige-text-blue,fa fa-user beige-text-blue,fa fa-user beige-text-blue,fa fa-user beige-text-blue
fa fa-user beige-text-blue,fa fa-user beige-text-blue,fa fa-user beige-text-blue,fa fa-user beige-text-blue,fa fa-user beige-text-blue,fa fa-user beige-text-blue,fa fa-user beige-text-blue,fa fa-user beige-text-blue,fa fa-user beige-text-blue,fa fa-user beige-text-blue
fa fa-user beige-text-blue,fa fa-user beige-text-blue,fa fa-user beige-text-blue,fa fa-user beige-text-blue,fa fa-user w3-text-black,fa fa-user w3-text-black,fa fa-user w3-text-black,fa fa-user w3-text-black,fa fa-user w3-text-black,fa fa-user w3-text-black
fa fa-user w3-text-black,fa fa-user w3-text-black,fa fa-user w3-text-black,fa fa-user w3-text-black,fa fa-user w3-text-black,fa fa-user w3-text-black,fa fa-user w3-text-black,fa fa-user beige-text-red,fa fa-user beige-text-red,fa fa-user beige-text-red
